-- MySQL dump 10.13  Distrib 5.5.20, for Win64 (x86)
--
-- Host: localhost    Database: travel
-- ------------------------------------------------------
-- Server version	5.5.20

/*!40101 SET @OLD_CHARACTER_SET_CLIENT=@@CHARACTER_SET_CLIENT */;
/*!40101 SET @OLD_CHARACTER_SET_RESULTS=@@CHARACTER_SET_RESULTS */;
/*!40101 SET @OLD_COLLATION_CONNECTION=@@COLLATION_CONNECTION */;
/*!40101 SET NAMES utf8 */;
/*!40103 SET @OLD_TIME_ZONE=@@TIME_ZONE */;
/*!40103 SET TIME_ZONE='+00:00' */;
/*!40014 SET @OLD_UNIQUE_CHECKS=@@UNIQUE_CHECKS, UNIQUE_CHECKS=0 */;
/*!40014 SET @OLD_FOREIGN_KEY_CHECKS=@@FOREIGN_KEY_CHECKS, FOREIGN_KEY_CHECKS=0 */;
/*!40101 SET @OLD_SQL_MODE=@@SQL_MODE, SQL_MODE='NO_AUTO_VALUE_ON_ZERO' */;
/*!40111 SET @OLD_SQL_NOTES=@@SQL_NOTES, SQL_NOTES=0 */;

--
-- Table structure for table `clients`
--

DROP TABLE IF EXISTS `clients`;
/*!40101 SET @saved_cs_client     = @@character_set_client */;
/*!40101 SET character_set_client = utf8 */;
CREATE TABLE `clients` (
  `id` int(5) NOT NULL AUTO_INCREMENT,
  `name_r` char(50) NOT NULL,
  `adress` char(200) NOT NULL,
  `phone` char(30) NOT NULL,
  `fax` char(20) DEFAULT NULL,
  `discount` int(5) DEFAULT NULL,
  PRIMARY KEY (`id`),
  KEY `discount_fc` (`discount`),
  CONSTRAINT `discount_fc` FOREIGN KEY (`discount`) REFERENCES `discounts` (`id`)
) ENGINE=InnoDB AUTO_INCREMENT=767 DEFAULT CHARSET=utf8;
/*!40101 SET character_set_client = @saved_cs_client */;

--
-- Dumping data for table `clients`
--

LOCK TABLES `clients` WRITE;
/*!40000 ALTER TABLE `clients` DISABLE KEYS */;
INSERT INTO `clients` VALUES (512,'﻿\"Ященко Антоніна Миколаївна\"','ДНЕПРОПЕТРОВСКАЯ обл. г.ДНІПРОПЕТРОВСЬК  р-н. ул.Чичерина д.108 кв.32','343538',NULL,NULL),(513,'Гулик Ігор Степанович','ЛЬВОВСКАЯ обл. г.ЛЬВОВ  р-н. ул.Грінченка д.2 а кв.67','0322-978764',NULL,NULL),(514,'Павлова Ольга Миколаївна','ХАРЬКОВСКАЯ обл. г.ХАРЬКОВ  р-н. ул.Молодіжна д.263','779-72-62 (мама)',NULL,1),(515,'Вояновська Оксана Олександрівна','ДОНЕЦКАЯ обл. г.ДОНЕЦК  р-н. ул.Словацька д.53 кв.59','598573',NULL,NULL),(516,'Положай Людмила Миколаївна','РЕСПУБЛИКА КРЫМ обл. с.НОВОАНДРЕЕВКА  р-н. ул.Зарічна д.3','0652326568',NULL,NULL),(517,'Сиром`ятникова Юлія Володимирівна','ХАРЬКОВСКАЯ обл. г.ХАРЬКОВ  р-н. ул.Свободи д.26','3371435',NULL,NULL),(518,'Сікачова Ірина Іванівна','ХАРЬКОВСКАЯ обл. г.ХАРЬКОВ  р-н. ул.Полтавський шлях д.148/2 кв.255','3767068',NULL,NULL),(519,'Дехтяр Світлана Миколаївна','ХАРЬКОВСКАЯ обл. г.ХАРЬКОВ  р-н. ул.Танкопія д.14 кв.20','970943',NULL,2),(520,'Фаєнко Людмила Іванівна','ДНЕПРОПЕТРОВСКАЯ обл. г.КРИВОЙ РОГ  р-н. ул.Рембрандта д.5','298875',NULL,NULL),(521,'Лобанова Ганна Анатоліївна','ДНЕПРОПЕТРОВСКАЯ обл. г.ДНЕПРОПЕТРОВСК  р-н. ул.Чичерина д.45 кв.1','770-33-24',NULL,1),(522,'Загорулько Ірина Павлівна','РЕСПУБЛИКА КРЫМ обл. с.МАРЬЯНОВКА  р-н. ул.77 дівізії д.67','256-71357',NULL,NULL),(523,'Журавльов Володимир Леонідович','ХАРЬКОВСКАЯ обл. г.ХАРЬКОВ  р-н. ул.Гвардійців Широнінців д.53 а','65-29-27',NULL,NULL),(524,'Левченко Олександр Леонідович','ДНЕПРОПЕТРОВСКАЯ обл. г.ДНЕПРОПЕТРОВСК Індустріальний р-н. ул.пр.ім.\"Газети Правда\" д.52 кв.16','725-14-29',NULL,1),(525,'Булаєнко Олена Валентинівна','ДНЕПРОПЕТРОВСКАЯ обл. г.ДНІПРОПЕТРОВСЬК  р-н. ул.б-р Слави д.3 кв.98','380-056-747-02-60',NULL,NULL),(526,'Тарасенко Данило Олександрович','ДНЕПРОПЕТРОВСКАЯ обл. г.ДНЕПРОПЕТРОВСК  р-н. ул.Гладкова д.6 кв.5','771-97-41',NULL,1),(527,'Лічман Оксана Вікторівна','ДНЕПРОПЕТРОВСКАЯ обл. г.ДНЕПРОПЕТРОВСК  р-н. ул.К.Лібкнехта д.5/7 кв.14','744-52-70',NULL,1),(528,'Ілларіонова Тетяна Валентинівна','ДНЕПРОПЕТРОВСКАЯ обл. г.ДНЕПРОПЕТРОВСК  р-н. ул.Московська д.25-а кв.19','7781636',NULL,1),(529,'Савчук Юлія Вікторівна','ДНЕПРОПЕТРОВСКАЯ обл. г.ДНЕПРОПЕТРОВСК  р-н. ул.Новосельна д.13 кв.2','774-49-63',NULL,1),(530,'Шубников Сергій Валерійович','ДОНЕЦКАЯ обл. г.ДОНЕЦК  р-н. ул.Піонерська д.20 кв.1','631-19-75',NULL,NULL),(531,'Приємський Ігор  Миколайович','ДНЕПРОПЕТРОВСКАЯ обл. г.ПОДГОРОДНЕЕ  р-н. ул.Короткая д.33','129233',NULL,NULL),(532,'Степанець Олена Володимирівна','ДНЕПРОПЕТРОВСКАЯ обл. г.КРИВОЙ РОГ  р-н. ул.Груднева д.6а кв.30','275038',NULL,NULL),(533,'Мороз Людмила Володимирівна','РЕСПУБЛИКА КРЫМ обл. г.СИМФЕРОПОЛЬ  р-н. ул.Полевая д.95/1 кв.1','266373',NULL,NULL),(534,'Плескач Наталя Василівна','ДНЕПРОПЕТРОВСКАЯ обл. г.ДНЕПРОПЕТРОВСК  р-н. ул.Орловська д.33 кв.17','524282',NULL,NULL),(535,'Данилюк Наталія Ігорівна','ТЕРНОПОЛЬСКАЯ обл. г.КРЕМЕНЕЦ  р-н. ул.Березина д.73','64-42-79',NULL,NULL),(536,'Колесніченко Світлана Афанасіївна','ОДЕССКАЯ обл. г.ОДЕССА  р-н. ул.Сегедська д.6 кв.кімн.105','7486827',NULL,1),(537,'Воловик Ганна Євгенівна','ДОНЕЦКАЯ обл. г.ДОНЕЦК  р-н. ул.Ст.Щипачова д.33 кв.60','760696',NULL,1),(538,'Бабанська Тетяна Василівна','КИРОВОГРАДСКАЯ обл. г.КИРОВОГРАД  р-н. ул.Карабінерна д.17 кв.3','243152',NULL,NULL),(539,'Католик Наталія  Антонівна','ЛЬВОВСКАЯ обл. г.ЛЬВОВ  р-н. ул.Кирилівська д.3а','2221621',NULL,NULL),(540,'Абрамова Юлія Володимирівна','ДНЕПРОПЕТРОВСКАЯ обл. г.ДНЕПРОПЕТРОВСК  р-н. ул.б-р Будівельників д.5 кв.58','538481',NULL,NULL),(541,'Головіна Валентина  Олександрівна','ДНЕПРОПЕТРОВСКАЯ обл. г.ДНЕПРОПЕТРОВСК  р-н. ул.Уральська д.19 кв.147','343393',NULL,NULL),(542,'Кулік Лілія Анатоліївна','ОДЕССКАЯ обл. г.ОДЕССА  р-н. ул.2 Студенчеський пров. д.16','7327614',NULL,1),(543,'Боброва Галина Борисовна','ОДЕССКАЯ обл. г.ОДЕССА  р-н.50/1 кв.89','42-52-49',NULL,NULL),(544,'Шолохов Олександр Сергійович','ДОНЕЦКАЯ обл. г.ДОНЕЦК  р-н. ул.Червонопартизанська д.26','52-62-38',NULL,NULL),(545,'Горченко Оксана Євгенівна','ЧЕРНОВИЦКАЯ обл. г.ЧЕРНОВЦЫ  р-н. ул.Кишинівська д.15','51-56-65',NULL,NULL),(546,'Роздобудько Олена Іванівна','ХАРЬКОВСКАЯ обл. г.ХАРЬКОВ  р-н. ул.Дружби Народів д.267 кв.112','716-77-14',NULL,1),(547,'Михайлюк Ольга Іванівна','КИЕВСКАЯ обл. г.КИЕВ  р-н. ул.Симиренко д.5-в кв.25','4015370',NULL,NULL),(548,'Горденко Наталя Григорівна','ХАРЬКОВСКАЯ обл. г.ХАРЬКОВ  р-н. ул.Державінська д.2 б кв.41','27-13-86',NULL,NULL),(549,'Меленюк Надія  Анатоліївна','ЛЬВОВСКАЯ обл. г.ЛЬВОВ  р-н. ул.Широка д.81 кв.201-202','80679439611',NULL,NULL),(550,'Мудра Віра Іванівна','ДНЕПРОПЕТРОВСКАЯ обл. г.ДНЕПРОПЕТРОВСК  р-н. ул.Замп.Беляева д.8 кв.149','370-06-96',NULL,NULL),(551,'Томко Тетяна Леонідівна','КИЕВСКАЯ обл. г.КИЕВ  р-н. ул.Симиренко д.22 г кв.115','4717033',NULL,NULL),(552,'Богомол Людмила Петрівна','ДНЕПРОПЕТРОВСКАЯ обл. г.ДНІПРОПЕТРОВСЬК  р-н. ул.Чичерина д.104 кв.64','772-72-10',NULL,1),(553,'Чорна Наталія Богданівна','ЛЬВОВСКАЯ обл. г.ЛЬВОВ  р-н. ул.Лисенка д.26 кв.1','76-54-77',NULL,1),(554,'Ананенко Віктор Андрійович','ДНЕПРОПЕТРОВСКАЯ обл. г.КРИВОЙ РОГ  р-н. ул.К.Маркса д.48 кв.49','0564-924671',NULL,NULL),(555,'Фефелова Світлана Степанівна','ДНЕПРОПЕТРОВСКАЯ обл. г.ДНЕПРОПЕТРОВСК  р-н. ул.Героїв Сталінграду д.132-а кв.33','980771',NULL,2),(556,'Макогін Світлана Миколаївна','ЛЬВОВСКАЯ обл. г.ЛЬВОВ  р-н. ул.Антоненка-Давидовича Б. д.7 кв.58','2218144',NULL,NULL),(557,'Вітрик Юрій Миронович','ЛЬВОВСКАЯ обл. г.ЛЬВОВ Шевченківський р-н. ул.Гетьмана Мазепи д.3-а кв.91','293-58-35',NULL,NULL),(558,'Борисенко Юлія Михайлівна','ДОНЕЦКАЯ обл. пгт.ВЕЛИКАЯ НОВОСЕЛКА  р-н. ул.Фонтанна д.58 а','8-050-0423881',NULL,NULL),(559,'Перцева Валерія Олександрівна','ДНЕПРОПЕТРОВСКАЯ обл. г.ДНЕПРОПЕТРОВСК  р-н. ул.Будьонного д.9-а кв.61','7752092',NULL,1),(560,'Брусенцев Василь  Олександрович','КИЕВСКАЯ обл. г.КИЕВ  р-н. ул.Радунська д.42/10 кв.170','533-93-00',NULL,NULL),(561,'Дуда Тетяна Петрівна','КИЕВСКАЯ обл. г.КИЕВ Ленінградський р-н. ул.Жолудєва д.1 д  кв.116','401-71-79',NULL,NULL),(562,'Тимошенко Тетяна Володимирівна','КИЕВСКАЯ обл. г.КИЕВ  р-н. ул.Зодчих д.40 кв.185','405-21-24',NULL,NULL),(563,'Кравченко Неоніла Карпівна','КИЕВСКАЯ обл. г.КИЕВ  р-н. ул.Булгакова д.6 кв.110','402-74-50',NULL,NULL),(564,'Терещук Артем Сергійович','ДНЕПРОПЕТРОВСКАЯ обл. г.ПАВЛОГРАД  р-н. ул.Малиновского д.1','461654',NULL,NULL),(565,'Ярошевич Любов Олексіївна','ЛЬВОВСКАЯ обл. г.ЛЬВОВ  р-н. ул.Симоненка д.11 кв.28','417944',NULL,NULL),(566,'Стецький Ярослав Степанович','ЛЬВОВСКАЯ обл. г.ЛЬВОВ  р-н. ул.пр.Червоної Калини д.133 кв.13','222-62-91',NULL,NULL),(567,'Коровіна Зінаїда Іванівна','ДОНЕЦКАЯ обл. г.ДОНЕЦК  р-н. ул.пр.Ілліча д.29 кв.34','901629',NULL,2),(568,'Тихоненко Світлана Василівна','ДОНЕЦКАЯ обл. г.МАРІУПОЛЬ  р-н. ул.б-р 50 років Жовтня д.21/43 кв.9','80629247659',NULL,NULL),(569,'Яковлєва Надія Вікторівна','НИКОЛАЕВСКАЯ обл. г.НИКОЛАЕВ  р-н. ул.Глінки д.5 кв.29','257819',NULL,NULL),(570,'Євсеєва Тетяна Віталіївна','ОДЕССКАЯ обл. г.ОДЕССА  р-н. ул.Нежинська д.75 кв.2','264095',NULL,NULL),(571,'Гуль Ярослав Григорович','ЛЬВОВСКАЯ обл. г.ЛЬВОВ  р-н. ул.Роксоляни д.63 кв.29','672156',NULL,NULL),(572,'Корольов Євген Юрійович','ДНЕПРОПЕТРОВСКАЯ обл. г.ДНЕПРОПЕТРОВСК Самарський р-н. ул.Молодогвардійська д.20 кв.44','725-34-30',NULL,1),(573,'Омельник Яна Альбертівна','ХАРЬКОВСКАЯ обл. г.ХАРЬКОВ  р-н. ул.пр.Тракторобудівників д.71г кв.18','622932',NULL,NULL),(574,'Ярова Любов Володимирівна','п.Безлюдовка Харьковского р-на Харьк.обл. ул.Кооперативная 28/5','',NULL,NULL),(575,'Царан Світлана Миколаївна','ДНЕПРОПЕТРОВСКАЯ обл. с.АЛЕКСАНДРОВКА  р-н. ул.Красна д.53','12-62-70',NULL,NULL),(576,'Ільченко Тетяна Вікторівна','ДНЕПРОПЕТРОВСКАЯ обл. г.ДНІПРОПЕТРОВСЬК  р-н. ул.пр.Кірова д.125-а кв.85','095-889-39-70',NULL,NULL),(577,'Криворучко Сніжана Володимирівна','ДНЕПРОПЕТРОВСКАЯ обл. г.КРИВОЙ РОГ  р-н. ул.Всебратське-2 д.46 кв.32','276079',NULL,NULL),(578,'Лещенко Ірина Валентинівна','ХАРЬКОВСКАЯ обл. г.ХАРЬКОВ  р-н. ул.Астраномічна д.25 кв.58','7203757',NULL,1),(579,'Литвинова Яна Олександрівна','ХАРЬКОВСКАЯ обл. г.ХАРЬКОВ  р-н. ул.Врожайна д.12','776-36-00',NULL,1),(580,'Гуцалюк Микола Анатолійович','КИРОВОГРАДСКАЯ обл. г.КИРОВОГРАД  р-н. ул.Полтавська д.30 кв.102','8-050-7491632',NULL,NULL),(581,'Маковецька Тетяна Іванівна','ХАРЬКОВСКАЯ обл. г.ЗМИЕВ  р-н. ул.Привокзальна д.2-а кв.5','3-74-71',NULL,NULL),(582,'Бабіля Василь Васильович','ЗАКАРПАТСКАЯ обл. г.МУКАЧЕВО  р-н. ул.Гастелло д.','80313152304',NULL,NULL),(583,'Мельничук Світлана Василівна','ДНЕПРОПЕТРОВСКАЯ обл. г.ДНІПРОПЕТРОВСЬК  р-н. ул.пр.К.Маркса д.119-а кв.общежит','8-050-5578184 чолові',NULL,NULL),(584,'Любенко Олег Ростиславович','ДНЕПРОПЕТРОВСКАЯ обл. г.КРИВОЙ РОГ  р-н. ул.Харитонова д.17 кв.28','297472',NULL,NULL),(585,'Ільницька Оксана Леонідівна','ДНЕПРОПЕТРОВСКАЯ обл. г.ДНЕПРОПЕТРОВСК  р-н. ул.пр.Петровского д.33 гурт.3 кв.28','594606',NULL,NULL),(586,'Остапенко Олена Сергіївна','ДНЕПРОПЕТРОВСКАЯ обл. г.ДНІПРОПЕТРОВСЬК  р-н. ул.пр.Героїв д.4 кв.245','682071',NULL,NULL),(587,'Макаренко Оксана Ігорівна','ХАРЬКОВСКАЯ обл. г.ХАРЬКОВ  р-н. ул.Уборєвича д.8 кв.25','684576',NULL,NULL),(588,'Івженко Олена Олександрівна','ДОНЕЦКАЯ обл. г.ДОНЕЦК  р-н. ул.Лузіна д.3 кв.21','526869',NULL,NULL),(589,'Труфін Світлана Валеріївна','ЧЕРНОВИЦКАЯ обл. г.ЧЕРНОВЦЫ  р-н. ул.С.Щедріна д.30 кв.13','53075',NULL,NULL),(590,'Іванова Юлія Василівна','ДНЕПРОПЕТРОВСКАЯ обл. г.ДНЕПРОПЕТРОВСК  р-н. ул.ж/м Сокол-1 д.1,корп.5 кв.68','713-78-76',NULL,1),(591,'Слепушкіна Надія Миколаївна','ХАРЬКОВСКАЯ обл. г.ХАРЬКОВ  р-н. ул.Клочківська д.193б кв.67','80636806438',NULL,NULL),(592,'Полєва Світлана Василівна','ДОНЕЦКАЯ обл. г.ДОНЕЦК  р-н. ул.Слободська д.14 кв.1','3390017',NULL,NULL),(593,'Хайбуллаєва Ельвіра Хайридинівна','РЕСПУБЛИКА КРЫМ обл. г.СИМФЕРОПОЛЬ  р-н. ул.Беспалова д.11 кв.6','232549(0652)',NULL,NULL),(594,'Осідач Юлія Ігорівна','ЛЬВОВСКАЯ обл. г.ЛЬВОВ  р-н. ул.Шурата д.11 кв.25','2934306',NULL,NULL),(595,'Заєць Сергій Володимирович','РЕСПУБЛИКА КРЫМ обл. г.СИМФЕРОПОЛЬ  р-н. ул.Куйбишева д.25 кв.44','571577',NULL,NULL),(596,'Матвєєв Павло Михайлович','ДНЕПРОПЕТРОВСКАЯ обл. г.ДНІПРОПЕТРОВСЬК Ленінський р-н. ул.Коробова д.16 кв.74','285713',NULL,NULL),(597,'Войко Едуард Володимирович','КИЕВСКАЯ обл. г.ВИШНЕВОЕ  р-н. ул.Зелена д.6 кв.52','8974721861',NULL,NULL),(598,'Чирков Станіслав Олегович','ДНЕПРОПЕТРОВСКАЯ обл. пос.ОРДЖОНИКИДЗЕ  р-н. ул.Л.Чайкіної д.22 кв.11','80992502561',NULL,NULL),(599,'Тинська Єлізавета Ігорівна','ДНЕПРОПЕТРОВСКАЯ обл. г.ДНІПРОПЕТРОВСЬК  р-н. ул.Кожемяки д.9 кв.114','20-26-17 мешкає',NULL,NULL),(600,'Согомонян Аршак Гайкович','ОДЕССКАЯ обл. с.ВЫГОДА  р-н. ул.Піонерська д.13','806717074',NULL,NULL),(601,'Сікорська Світлана Іванівна','КИЕВСКАЯ обл. пгт.ВИШНЕВОЕ  р-н. ул.Вітянська д.4 кв.81','8-067-255-35-10',NULL,NULL),(602,'Бражник Юрій Іванович','ПОЛТАВСКАЯ обл. г.ПОЛТАВА  р-н. ул.Бистровський д.11 кв.5','8-096-81-23450',NULL,NULL),(603,'Фартушний Юрій Віталійович','ДНЕПРОПЕТРОВСКАЯ обл. г.ДНЕПРОПЕТРОВСК Самарський р-н. ул.Агнії Барто д.17 кв.53','285713',NULL,NULL),(604,'Покандюк Вікторія Геннадіївна','61157 ХАРЬКОВСКАЯ обл. г.ХАРЬКОВ Жовтневий р-н. ул.Власенко д.18 кв.71','сестра 8-097-1788759',NULL,NULL),(605,'Богданова Ольга Степанівна','ВИННИЦКАЯ обл. г.ВИННИЦА  р-н. ул.Якіра д.68','80972245875',NULL,NULL),(606,'Заболотна Людмила Миколаївна','ВИННИЦКАЯ обл. с.ПРИБОРІВКА  р-н. ул.Некрасова д.16','80435841000',NULL,NULL),(607,'Пащенко Олександр Сергійович','ВИННИЦКАЯ обл. г.ВИННИЦА  р-н. ул.3-й пров Енгельса д.7','',NULL,NULL),(608,'Хміль Ольга Анатоліївна','КИЕВСКАЯ обл. г.КАГАРЛЫК  р-н. ул.Папаніна д.17','4589136',NULL,NULL),(609,'Шевчук Марина Валеріївна','ДНЕПРОПЕТРОВСКАЯ обл. г.КРИВОЙ РОГ  р-н. ул.Урицького д.39 кв.9','28-05-59',NULL,NULL),(610,'Нікітін Олександр Миколайович','ДНЕПРОПЕТРОВСКАЯ обл. г.ДНЕПРОПЕТРОВСК  р-н. ул.Донецьке шосе д.116 кв.176','7297482',NULL,1),(611,'Бойко Дар`я Володимирівна','РЕСПУБЛИКА КРЫМ обл. г.СИМФЕРОПОЛЬ  р-н. ул.Димитрова д.19','519904',NULL,NULL),(612,'Ковтун Лариса Олександрівна','ВИННИЦКАЯ обл. г.ВИННИЦА  р-н. ул.Свердлова д.102 кв.12 (5)','8-04353-31126 мати',NULL,NULL),(613,'Максимчук Вадим Ігорович','21018 ВИННИЦКАЯ обл. г.ВИННИЦА  р-н. ул.Литвиненка д.42 а кв.80','8-096-5807793 мати',NULL,NULL),(614,'Орлова Лариса Віталіївна','ДНЕПРОПЕТРОВСКАЯ обл. г.ДНІПРОПЕТРОВСЬК  р-н. ул.Немировича-Данченко д.30 кв.96','380-056-747-01-65',NULL,NULL),(615,'Мельник Олександр Михайлович','ДНЕПРОПЕТРОВСКАЯ обл. г.ДНЕПРОПЕТРОВСК  р-н. ул.пр.Свободи д.100 кв.2','93-56-67',NULL,2),(616,'Гула Ганна Дмитрівна','ЛЬВОВСКАЯ обл. г.ЛЬВОВ  р-н. ул.Сумська д.3 кв.4','70-90-20',NULL,1),(617,'Лисик Катерина Іванівна','ЛЬВОВСКАЯ обл. г.ЛЬВОВ  р-н. ул.Хоткевича д.18 кв.73','2220841',NULL,NULL),(618,'Пелех Андрій Остапович','ЛЬВОВСКАЯ обл. г.ЛЬВОВ  р-н. ул.Володимира Великого д.61 кв.70','0322649019',NULL,NULL),(619,'Борисенко Олена Олександрівна','ХАРЬКОВСКАЯ обл. г.ХАРЬКОВ  р-н. ул.Тимуровцев д.35 кв.гуртож.','80993281256',NULL,NULL),(620,'Вареник Ігор Вікторович','ДНЕПРОПЕТРОВСКАЯ обл. г.ДНІПРОПЕТРОВСЬК  р-н. ул.Червоного Казачества д.22 кв.127','80667109886',NULL,NULL),(621,'Перекоринський Володимир Васильович','ВИННИЦКАЯ обл. г.ВИННИЦА  р-н. ул.50 річчя Перемоги д.20 гурт.','80975673817(дружина)',NULL,NULL),(622,'Гаврилюк Іван Іванович','КИЕВСКАЯ обл. г.БОЯРКА  р-н. ул.Горького д.3 кв.3','',NULL,NULL),(623,'Бредіхін Віталій Петрович','ПОЛТАВСКАЯ обл. г.ПОЛТАВА  р-н. ул.Балкова д.1 а/19 кв.2','(0532)690755',NULL,NULL),(624,'Раут Євген  Вікторович','ДНЕПРОПЕТРОВСКАЯ обл. г.КРИВОЙ РОГ  р-н. ул.5-й Зарічний д.7 кв.28','954161',NULL,2),(625,'Рев`яцький Юрій Іванович','ЛЬВОВСКАЯ обл. г.ЛЬВОВ  р-н. ул.К.Левицького д.56 кв.9','763482',NULL,1),(626,'Стефанишин Наталія Григорівна','ЛЬВОВСКАЯ обл. г.ЛЬВОВ  р-н. ул.Антонича д.24 кв.68','416675',NULL,NULL),(627,'Суровець Галина Василівна','ЛЬВОВСКАЯ обл. с.ЗИМНЯЯ ВОДА  р-н. ул.Мазепи д.16','69-89-61',NULL,NULL),(628,'Кругленко Ольга Юріївна','ДНЕПРОПЕТРОВСКАЯ обл. г.ДНЕПРОПЕТРОВСК  р-н. ул.Шолохова д.7 кв.22','8-056-3721215',NULL,NULL),(629,'Горкава Аліна Володимирівна','ДНЕПРОПЕТРОВСКАЯ обл. г.ДНЕПРОПЕТРОВСК  р-н. ул.пров.Платова д.11','',NULL,NULL),(630,'Решетнікова Інна Валеріївна','ХАРЬКОВСКАЯ обл. пгт.ПЕРЕСЕЧНАЯ  р-н. ул.Шота Гогоришвилі д.5 кв.6','80509245713',NULL,NULL),(631,'Бурдейна Тетяна Олексіївна','ОДЕССКАЯ обл. г.ОДЕССА  р-н. ул.Танкістів д.','39-50-67',NULL,NULL),(632,'Білобловська Олена Володимирівна','КИЕВСКАЯ обл. г.БРОВАРЫ  р-н. ул.Кармелюка д.1','8(04494)41300',NULL,NULL),(633,'Колодяжна Тетяна Леонідівна','ХАРЬКОВСКАЯ обл. г.МЕРЕФА  р-н. ул.Сумська д.6 кв.34','7484762',NULL,1),(634,'Матасов Сергій Веніамінович','НИКОЛАЕВСКАЯ обл. г.НИКОЛАЕВ  р-н. ул.Вокзальна д.59 кв.2','60-11-15',NULL,NULL),(635,'Журило Марія Володимирівна','ПОЛТАВСКАЯ обл. с.ГОРБАНІВКА  р-н. ул.пров.Сонячний д.3','8-063-31-21-015',NULL,NULL),(636,'Молодча Ріта Миколаївна','ХАРЬКОВСКАЯ обл. г.ДЕРГАЧИ Дергачівський р-н. ул.Потьомкіна д.45','8-098-960-22-75 сест',NULL,NULL),(637,'Ющенко Анна Анатоліївна','ПОЛТАВСКАЯ обл. г.КОМСОМОЛЬСК Комсомольський р-н. ул.Леніна д.65 кв.18','8-0096-9336469',NULL,NULL),(638,'Глущенко Олександр Петрович','ПОЛТАВСКАЯ обл. с.КІРОВЕ Полтавський р-н.','8-099-968-21-85',NULL,NULL),(639,'Гусєва Олена Сергіївна','ДНЕПРОПЕТРОВСКАЯ обл. г.ДНЕПРОПЕТРОВСК Бабушкінський р-н. ул.Гладкова д.37 кв.37','763-79-09',NULL,1),(640,'Гришина Людмила Миколаївна','ДНЕПРОПЕТРОВСКАЯ обл. г.ДНІПРОПЕТРОВСЬК  р-н. ул.Янтарна д.79 кв.52','243184',NULL,NULL),(641,'Паліюк Кирило Олександрович','НИКОЛАЕВСКАЯ обл. г.НИКОЛАЕВ Центральний р-н. ул.пр.Леніна д.74/2 кв.41','41-91-74',NULL,NULL),(642,'Черкас Богдан Ярославович','ВИННИЦКАЯ обл. с.ПЕДОСИ  р-н. ул.Садова д.54','8-097-763-65-29',NULL,NULL),(643,'Медич Віктор Октябринович','ХАРЬКОВСКАЯ обл. пос.КОРОТИЧ Харківський р-н. ул.Комунар д.30 кв.14','742-46-87',NULL,1),(644,'Подупейко Яна Василівна','ВИННИЦКАЯ обл. с.ЩІТКИ  р-н. ул.Леніна д.61 а','8-0962135381',NULL,NULL),(645,'Галаган Олена Володимирівна','ВИННИЦКАЯ обл. г.ВИННИЦА Ленінський р-н. ул.Келецька д.60 кв.52','26-66-44 батьки',NULL,NULL),(646,'Рогова Альона Валеріївна','ВИННИЦКАЯ обл. г.ВИННИЦА Староміський р-н. ул.Островського д.31 кв.91','8-096-3138516 мама',NULL,NULL),(647,'Ременяк Володимир Петрович','ВИННИЦКАЯ обл. с.БОХОНИКИ  р-н. ул.пров.Енергетичний д.8','8-098-2138030 дружин',NULL,NULL),(648,'Данілов Віталій Володимирович','КИЕВСКАЯ обл. г.ВАСИЛЬКОВ  р-н. ул.П.Мирного д.18','80447164945',NULL,NULL),(649,'Ткаченко Олена Леонідівна','ДНЕПРОПЕТРОВСКАЯ обл. г.ДНЕПРОПЕТРОВСК  р-н. ул.Євпаторійська д.106 кв.35','8-095-198-09-22',NULL,NULL),(650,'Тисячна Тетяна Юріївна','ВИННИЦКАЯ обл. с.ВОЛОДІЇВЦІ  р-н. ул.Леніна д.25','8-097-693-63-95-мати',NULL,NULL),(651,'Приступа Ірина Миколаївна','ВИННИЦКАЯ обл. г.ХМЕЛЬНИК  р-н. ул.Тімірязєва д.64','8-098-950-38-59-мати',NULL,NULL),(652,'Сосонний Сергій Геннадійович','ХАРЬКОВСКАЯ обл. г.ХАРЬКОВ Дзержинський р-н. ул.Заліська д.48 кв.4','8-063-4195953 мати',NULL,NULL),(653,'Олендар Тамара Василівна','ДОНЕЦКАЯ обл. г.ДОНЕЦК Київський р-н. ул.пров. Київський д.61 б кв.5','343-97-76',NULL,NULL),(654,'Васильєва Олена Олегівна','НИКОЛАЕВСКАЯ обл. г.МИКОЛАЇВ  р-н. ул.6 Інгульська д.61','8-093-24-70-307',NULL,NULL),(655,'Карасьова Оксана Олегівна','ДОНЕЦКАЯ обл. г.ДОНЕЦК  р-н. ул.Ковтюха д.5','050',NULL,NULL),(656,'Іванілова Наталя Олександрівна','ДОНЕЦКАЯ обл. г.ДОНЕЦК  р-н. ул.Полухіна д.19 кв.2','0951707505',NULL,NULL),(657,'Лисенко Віталій Олексійович','ДНЕПРОПЕТРОВСКАЯ обл. с.КАТЕРИНОВКА Покровський р-н. ул.Леніна д.30','097-7784-29-72',NULL,NULL),(658,'Шаблінська Ольга Миколаївна','ул.Короленко д.55 кв.26','066-299-32-69',NULL,NULL),(659,'Шеколенко Максим Віталійович','СУМСКАЯ обл. с.ХОРУЖІВКА Недригайлівський р-н.','095-3436082',NULL,NULL),(660,'Самохвал Марина Вікторівна','ДНЕПРОПЕТРОВСКАЯ обл. г.ДНЕПРОПЕТРОВСК  р-н. ул.Бутова д.108','0986739820',NULL,NULL),(661,'Артоуз Володимир Васильович','ВИННИЦКАЯ обл. с.СОКІЛЕЦЬ  р-н.','0961757808',NULL,NULL),(662,'Сидоренко Ярослав Анатолійович','ДНЕПРОПЕТРОВСКАЯ обл. с.СУРСКО-ЛИТОВСКОЕ  р-н. ул.Ленінградська д.10','0973385716',NULL,NULL),(663,'Коломієць Ганна Володимирівна','ХАРЬКОВСКАЯ обл. г.ХАРЬКОВ Комінтернівський р-н. ул.Слинько д.11 кв.101','0667668070',NULL,NULL),(664,'Солдатенко Олександр Іванович','ДНЕПРОПЕТРОВСКАЯ обл. г.ДНЕПРОПЕТРОВСК  р-н. ул.Донецьке шосе д.2 кв.205','725-61-12',NULL,1),(665,'Мороз Артем Олегович','ДНЕПРОПЕТРОВСКАЯ обл. г.ДНІПРОПЕТРОВСЬК  р-н. ул.Братів Трофимових д.4 кор 2 кв.327','096 296 62 44',NULL,NULL),(666,'Чопенко Вячеслав Анатолійович','ДНЕПРОПЕТРОВСКАЯ обл. с.ДМИТРОВКА  р-н. ул.Гагаріна д.68 кв.1','095 873 24 39',NULL,NULL),(667,'Перепелиця Роман Андрійович','ДНЕПРОПЕТРОВСКАЯ обл. с.МОГИЛЕВ  р-н. ул.Лісна д.27','097 61 91 300',NULL,NULL),(668,'Бутенко Михайло Юрійович','КИЕВСКАЯ обл. г.БОЯРКА Києво-Святошинський р-н. ул.Білогородська д.45 кв.102','067 575 55 48',NULL,NULL),(669,'Кінякіна Ольга Вадимівна','ОДЕССКАЯ обл. г.БЕЛГОРОД-ДНЕСТРОВСКИЙ  р-н. ул.Пирогова д.2 кв.38','063-398-48-88',NULL,NULL),(670,'Шептуха Олександр Сергійович','ДНЕПРОПЕТРОВСКАЯ обл. с.КИТАЙГОРОД  р-н. ул.Крупської д.35','098 802 49 45',NULL,NULL),(671,'Халабарчук Костянтин Васильович','ДНЕПРОПЕТРОВСКАЯ обл. г.ДНІПРОДЗЕРЖИНСЬК  р-н. ул.пр.Конституції д.4 кв.31','0532-7-75-95',NULL,NULL),(672,'Котенко Неля Миколаївна','ДНЕПРОПЕТРОВСКАЯ обл. с.ЖДАНОВО  р-н. ул.Молодіжна д.13','067 867 55 90',NULL,NULL),(673,'Вікнянська Ольга Леонідівна','ДНЕПРОПЕТРОВСКАЯ обл. пгт.МЕЖЕВАЯ  р-н. ул.Колгоспна д.27','0509782578',NULL,NULL),(674,'Пеня Дмитро Миколайович','ДНЕПРОПЕТРОВСКАЯ обл. г.ДНІПРОПЕТРОВСЬК Ленінський р-н. ул.Парусний д.13 кв.111','063-935-11-77',NULL,NULL),(675,'Дудка Дмитро Михайлович','ХАРЬКОВСКАЯ обл. г.БОГОДУХОВ  р-н. ул.Дачний проїзд д.9','093-8348172 мама',NULL,NULL),(676,'Циба Василь Валерійович','КИЕВСКАЯ обл. г.КИЕВ  р-н. ул.Симиренко д.7-а кв.225','0638023000',NULL,NULL),(677,'Юрчик Віталій Васильович','ВИННИЦКАЯ обл. г.ТРОСТЯНЕЦ  р-н. ул.Шевченка д.15','0961861591',NULL,NULL),(678,'Ташко Карл Федорович','ВИННИЦКАЯ обл. г.ЧЕЧЕЛЬНИК  р-н. ул.Ольшевська д.54','0671473299',NULL,NULL),(679,'Білов Антон Володимирович','ДНЕПРОПЕТРОВСКАЯ обл. г.ДНІПРОПЕТРОВСЬК Красногвардійський р-н. ул.Гродненська д.22 кв.52','056-770-30-50',NULL,NULL),(680,'Швед Ігор Михайлович','ЛЬВОВСКАЯ обл. г.ЛЬВОВ  р-н. ул.Патона д.2/2 кв.37','0985634848',NULL,NULL),(681,'Вінярська Олена Федорівна','ЛЬВОВСКАЯ обл. г.ЛЬВОВ  р-н. ул.Грядкова д.2','0965748719',NULL,NULL),(682,'Богданова Тамара Антонівна','ДНЕПРОПЕТРОВСКАЯ обл. г.ДНІПРОПЕТРОВСЬК  р-н. ул.Корнейчука д.1 кв.28','0986578130',NULL,NULL),(683,'Куліш Віталій Юрійович','ДНЕПРОПЕТРОВСКАЯ обл. г.ПАВЛОГРАД  р-н. ул.Можайського д.4 кв.40','099 75 51 617',NULL,NULL),(684,'Довженко Валентина Іванівна','ДНЕПРОПЕТРОВСКАЯ обл. г.ДНІПРОПЕТРОВСЬК  р-н. ул.Щербини д.29 кв.31','33 92 33',NULL,NULL),(685,'Приліпко Леся Василівна','КИЕВСКАЯ обл. г.ВИШНЕВОЕ  р-н. ул.Південна д.3 кв.155','0671579122',NULL,NULL),(686,'Валіцька Євгенія Олександрівна','ЖИТОМИРСКАЯ обл. с.МОРОЗІВКА  р-н. ул.Базарська д.43','067 832 25 88',NULL,NULL),(687,'Панкіна Майя Вікторівна','КИЕВСКАЯ обл. г.ВИШНЕВОЕ  р-н. ул.Святошинська д.46','093 536 6948',NULL,NULL),(688,'Кушнаревич Наталія Олександрівна','ПОЛТАВСКАЯ обл. г.ПОЛТАВА  р-н. ул.Хоткевича д.7 кв.10','63-05-18',NULL,NULL),(689,'Шевченко Олександр Сергійович','КИЕВСКАЯ обл. г.КИЕВ  р-н. ул.Городня д.13 кв.95','2410640',NULL,NULL),(690,'Бойко Тетяна Валентинівна','КИЕВСКАЯ обл. г.ВАСИЛЬКОВ  р-н. ул.Матросова д.7 кв.24','0636742635',NULL,NULL),(691,'Уткін Олександр Анатолійович','ХАРЬКОВСКАЯ обл. г.ХАРЬКОВ  р-н. ул.пр. 50 років ВЛКСМ д.59 Г кв.36','0572 62 95 07',NULL,NULL),(692,'Хоменко Олена Володимирівна','РЕСПУБЛИКА КРЫМ обл. г.СЕВАСТОПОЛЬ  р-н. ул.Косарева д.27 кв.183','0',NULL,NULL),(693,'Штибко Наталія Миколаївна','КИЕВСКАЯ обл. г.КИЕВ  р-н. ул.Горлівська д.124/2 кв.гурт','097 68 000 25',NULL,NULL),(694,'Нагорний Василь Володимирович','ВИННИЦКАЯ обл. с.ТРИБУХИ  р-н. ул.Зелена д.12','098-9924325 мати',NULL,NULL),(695,'Войціцький Вадим Анатолійович','ВИННИЦКАЯ обл. г.ВИННИЦА  р-н. ул.Ватутіна д.58 кв.117','067-2839201 батько',NULL,NULL),(696,'Москаленко Галина Анатоліївна','НИКОЛАЕВСКАЯ обл. г.МИКОЛАЇВ  р-н. ул.8 Березня д.39 кв.83','093-368-05-12',NULL,NULL),(697,'Сіренко Інна Михайлівна','СУМСКАЯ обл. с.ДУХАНІВКА  р-н.','098 248 88 98',NULL,NULL),(698,'Свистюла Альона Олександрівна','ХАРЬКОВСКАЯ обл. г.ХАРЬКОВ  р-н. ул.Старопрудна д.4 кв.11','',NULL,NULL),(699,'Нечипоренко Ярослав Юрійович','ХАРЬКОВСКАЯ обл. с.ХОРОШЕВО  р-н. ул.Соснова д.18','0632805752',NULL,NULL),(700,'Малярчук Анжела Леонідівна','ДНЕПРОПЕТРОВСКАЯ обл. г.ДНІПРОДЗЕРЖИНСЬК Заводський р-н. ул.Пеліна д.30 кв.3','093-984-44-87',NULL,NULL),(701,'Мандзюк Андрій Анатолійович','КИЕВСКАЯ обл. г.ВИШГОРОД  р-н. ул.Дніпровська д.5 кв.88','296-5-36-59',NULL,NULL),(702,'Сухиня Галина Олександрівна','КИЕВСКАЯ обл. с.ПЕТРІВСЬКЕ  р-н. ул.Петровського д.141 кв.1','063-486-47-21',NULL,NULL),(703,'Ведмідь Геннадій Петрович','ПОЛТАВСКАЯ обл. г.ПОЛТАВА  р-н. ул.Паризької Комуни д.34 кв.1','099 061 50 20',NULL,NULL),(704,'Сорокопуд Валентина Сергіївна','ВИННИЦКАЯ обл. г.ПОГРЕБИЩЕ  р-н. ул.Гонти д.1','063-765-50-02',NULL,NULL),(705,'Кононова Марта Олександрівна','ЛЬВОВСКАЯ обл. г.ВИННИКИ  р-н. ул.Ломоносова д.37 д','296 18 24',NULL,NULL),(706,'Серкова Ольга Андріївна','НИКОЛАЕВСКАЯ обл. г.НИКОЛАЕВ  р-н. ул.Спортивна д.25 корп 20 кв.17','34 07 89',NULL,NULL),(707,'Цимбалюк Ольга Василівна','ВИННИЦКАЯ обл. г.ВИННИЦА  р-н. ул.пров. К.Маркса д.23 кв.133, 136','067-260-77-13',NULL,NULL),(708,'Вакулюк Олена Анатоліївна','НИКОЛАЕВСКАЯ обл. с.ВОЗСІЯТСЬКЕ  р-н. ул.Шкільна д.6','0959202353',NULL,NULL),(709,'Гура Олександр Володимирович','ДНЕПРОПЕТРОВСКАЯ обл. с.КУЛІШІ  р-н. ул.Зелена д.43 а','096 8562 080',NULL,NULL),(710,'Карпов Олександр Андрійович','ДНЕПРОПЕТРОВСКАЯ обл. г.ЖЕЛТЫЕ ВОДЫ  р-н. ул.Ів.Франка д.36 кв.51','0630344172',NULL,NULL),(711,'Лазанюк Галина Миколаївна','ОДЕССКАЯ обл. с.ГАНДРАБУРИ  р-н. ул.Крилова д.','098 425 02 64',NULL,NULL),(712,'Чижевська Надія Петрівна','ЛЬВОВСКАЯ обл. с.ТОПОРІВ  р-н.29/б','293-88-07',NULL,NULL),(713,'Логінова Тетяна Іванівна','ЗАПОРОЖСКАЯ обл. г.ЕНЕРГОДАР  р-н. ул.Лісова д.9 кв.63','0666812281',NULL,NULL);
/*!40000 ALTER TABLE `clients` ENABLE KEYS */;
UNLOCK TABLES;

--
-- Table structure for table `destinations`
--

DROP TABLE IF EXISTS `destinations`;
/*!40101 SET @saved_cs_client     = @@character_set_client */;
/*!40101 SET character_set_client = utf8 */;
CREATE TABLE `destinations` (
  `id` int(5) NOT NULL AUTO_INCREMENT,
  `destination` char(40) DEFAULT NULL,
  PRIMARY KEY (`id`)
) ENGINE=InnoDB AUTO_INCREMENT=1023 DEFAULT CHARSET=utf8;
/*!40101 SET character_set_client = @saved_cs_client */;

--
-- Dumping data for table `destinations`
--

LOCK TABLES `destinations` WRITE;
/*!40000 ALTER TABLE `destinations` DISABLE KEYS */;
INSERT INTO `destinations` VALUES (512,'World'),(513,'Afghanistan'),(514,'Akrotiri'),(515,'Albania'),(516,'Algeria'),(517,'American Samoa'),(518,'Andorra'),(519,'Angola'),(520,'Anguilla'),(521,'Antarctica'),(522,'Antigua and Barbuda'),(523,'Arctic Ocean'),(524,'Argentina'),(525,'Armenia'),(526,'Aruba'),(527,'Ashmore and Cartier Islands'),(528,'Atlantic Ocean'),(529,'Australia'),(530,'Austria'),(531,'Azerbaijan'),(532,'Bahamas, The'),(533,'Bahrain'),(534,'Baker Island'),(535,'Bangladesh'),(536,'Barbados'),(537,'Bassas da India'),(538,'Belarus'),(539,'Belgium'),(540,'Belize'),(541,'Benin'),(542,'Bermuda'),(543,'Bhutan'),(544,'Bolivia'),(545,'Bosnia and Herzegovina'),(546,'Botswana'),(547,'Bouvet Island'),(548,'Brazil'),(549,'British Indian Ocean Territory'),(550,'British Virgin Islands'),(551,'Brunei'),(552,'Bulgaria'),(553,'Burkina Faso'),(554,'Burma'),(555,'Burundi'),(556,'Cambodia'),(557,'Cameroon'),(558,'Canada'),(559,'Cape Verde'),(560,'Cayman Islands'),(561,'Central African Republic'),(562,'Chad'),(563,'Chile'),(564,'China'),(565,'Christmas Island'),(566,'Clipperton Island'),(567,'Cocos (Keeling) Islands'),(568,'Colombia'),(569,'Comoros'),(570,'Congo, Democratic Republic of the'),(571,'Congo, Republic of the'),(572,'Cook Islands'),(573,'Coral Sea Islands'),(574,'Costa Rica'),(575,'Cote d\'Ivoire'),(576,'Croatia'),(577,'Cuba'),(578,'Cyprus'),(579,'Czech Republic'),(580,'Denmark'),(581,'Dhekelia'),(582,'Djibouti'),(583,'Dominica'),(584,'Dominican Republic'),(585,'East Timor'),(586,'Ecuador'),(587,'Egypt'),(588,'El Salvador'),(589,'Equatorial Guinea'),(590,'Eritrea'),(591,'Estonia'),(592,'Ethiopia'),(593,'Europa Island'),(594,'European Union entry follows Taiwan'),(595,'Falkland Islands (Islas Malvinas)'),(596,'Faroe Islands'),(597,'Fiji'),(598,'Finland'),(599,'France'),(600,'French Guiana'),(601,'French Polynesia'),(602,'French Southern and Antarctic Lands'),(603,'Gabon'),(604,'Gambia, The'),(605,'Gaza Strip'),(606,'Georgia'),(607,'Germany'),(608,'Ghana'),(609,'Gibraltar'),(610,'Glorioso Islands'),(611,'Greece'),(612,'Greenland'),(613,'Grenada'),(614,'Guadeloupe'),(615,'Guam'),(616,'Guatemala'),(617,'Guernsey'),(618,'Guinea'),(619,'Guinea-Bissau'),(620,'Guyana'),(621,'Haiti'),(622,'Heard Island and McDonald Islands'),(623,'Holy See (Vatican City)'),(624,'Honduras'),(625,'Hong Kong'),(626,'Howland Island'),(627,'Hungary'),(628,'Iceland'),(629,'Iles Eparses'),(630,'India'),(631,'Indian Ocean'),(632,'Indonesia'),(633,'Iran'),(634,'Iraq'),(635,'Ireland'),(636,'Isle of Man'),(637,'Israel'),(638,'Italy'),(639,'Jamaica'),(640,'Jan Mayen'),(641,'Japan'),(642,'Jarvis Island'),(643,'Jersey'),(644,'Johnston Atoll'),(645,'Jordan'),(646,'Juan de Nova Island'),(647,'Kazakhstan'),(648,'Kenya'),(649,'Kingman Reef'),(650,'Kiribati'),(651,'Korea, North'),(652,'Korea, South'),(653,'Kuwait'),(654,'Kyrgyzstan'),(655,'Laos'),(656,'Latvia'),(657,'Lebanon'),(658,'Lesotho'),(659,'Liberia'),(660,'Libya'),(661,'Liechtenstein'),(662,'Lithuania'),(663,'Luxembourg'),(664,'Macau'),(665,'Macedonia'),(666,'Madagascar'),(667,'Malawi'),(668,'Malaysia'),(669,'Maldives'),(670,'Mali'),(671,'Malta'),(672,'Marshall Islands'),(673,'Martinique'),(674,'Mauritania'),(675,'Mauritius'),(676,'Mayotte'),(677,'Mexico'),(678,'Micronesia, Federated States of'),(679,'Midway Islands'),(680,'Moldova'),(681,'Monaco'),(682,'Mongolia'),(683,'new Montenegro'),(684,'Montserrat'),(685,'Morocco'),(686,'Mozambique'),(687,'Namibia'),(688,'Nauru'),(689,'Navassa Island'),(690,'Nepal'),(691,'Netherlands'),(692,'Netherlands Antilles'),(693,'New Caledonia'),(694,'New Zealand'),(695,'Nicaragua'),(696,'Niger'),(697,'Nigeria'),(698,'Niue'),(699,'Norfolk Island'),(700,'Northern Mariana Islands'),(701,'Norway'),(702,'Oman'),(703,'Pacific Ocean'),(704,'Pakistan'),(705,'Palau'),(706,'Palmyra Atoll'),(707,'Panama'),(708,'Papua New Guinea'),(709,'Paracel Islands'),(710,'Paraguay'),(711,'Peru'),(712,'Philippines'),(713,'Pitcairn Islands'),(714,'Poland'),(715,'Portugal'),(716,'Puerto Rico'),(717,'Qatar'),(718,'Reunion'),(719,'Romania'),(720,'Russia'),(721,'Rwanda'),(722,'Saint Helena'),(723,'Saint Kitts and Nevis'),(724,'Saint Lucia'),(725,'Saint Pierre and Miquelon'),(726,'Saint Vincent and the Grenadines'),(727,'Samoa'),(728,'San Marino'),(729,'Sao Tome and Principe'),(730,'Saudi Arabia'),(731,'Senegal'),(732,'new Serbia'),(733,'Seychelles'),(734,'Sierra Leone'),(735,'Singapore'),(736,'Slovakia'),(737,'Slovenia'),(738,'Solomon Islands'),(739,'Somalia'),(740,'South Africa'),(741,'South Georgia and the South Sandwich Isl'),(742,'Southern Ocean'),(743,'Spain'),(744,'Spratly Islands'),(745,'Sri Lanka'),(746,'Sudan'),(747,'Suriname'),(748,'Svalbard'),(749,'Swaziland'),(750,'Sweden'),(751,'Switzerland'),(752,'Syria'),(753,'Taiwan entry follows Zimbabwe'),(754,'Tajikistan'),(755,'Tanzania'),(756,'Thailand'),(757,'Togo'),(758,'Tokelau'),(759,'Tonga'),(760,'Trinidad and Tobago'),(761,'Tromelin Island'),(762,'Tunisia'),(763,'Turkey'),(764,'Turkmenistan'),(765,'Turks and Caicos Islands'),(766,'Tuvalu'),(767,'Uganda'),(768,'Ukraine'),(769,'United Arab Emirates'),(770,'United Kingdom'),(771,'United States'),(772,'United States Pacific Island Wildlife Re'),(773,'Uruguay'),(774,'Uzbekistan'),(775,'Vanuatu'),(776,'Venezuela'),(777,'Vietnam'),(778,'Virgin Islands'),(779,'Wake Island'),(780,'Wallis and Futuna'),(781,'West Bank'),(782,'Western Sahara'),(783,'Yemen'),(784,'Zambia'),(785,'Zimbabwe'),(786,'Taiwan'),(787,'European Union');
/*!40000 ALTER TABLE `destinations` ENABLE KEYS */;
UNLOCK TABLES;

--
-- Table structure for table `discounts`
--

DROP TABLE IF EXISTS `discounts`;
/*!40101 SET @saved_cs_client     = @@character_set_client */;
/*!40101 SET character_set_client = utf8 */;
CREATE TABLE `discounts` (
  `id` int(5) NOT NULL AUTO_INCREMENT,
  `percent` int(2) NOT NULL,
  PRIMARY KEY (`id`)
) ENGINE=InnoDB AUTO_INCREMENT=3 DEFAULT CHARSET=utf8;
/*!40101 SET character_set_client = @saved_cs_client */;

--
-- Dumping data for table `discounts`
--

LOCK TABLES `discounts` WRITE;
/*!40000 ALTER TABLE `discounts` DISABLE KEYS */;
INSERT INTO `discounts` VALUES (1,10),(2,20);
/*!40000 ALTER TABLE `discounts` ENABLE KEYS */;
UNLOCK TABLES;

--
-- Table structure for table `travels`
--

DROP TABLE IF EXISTS `travels`;
/*!40101 SET @saved_cs_client     = @@character_set_client */;
/*!40101 SET character_set_client = utf8 */;
CREATE TABLE `travels` (
  `id` int(5) NOT NULL AUTO_INCREMENT,
  `destination` int(5) DEFAULT NULL,
  `price` int(5) NOT NULL,
  PRIMARY KEY (`id`),
  KEY `destination_fc` (`destination`),
  CONSTRAINT `destination_fc` FOREIGN KEY (`destination`) REFERENCES `destinations` (`id`)
) ENGINE=InnoDB AUTO_INCREMENT=67 DEFAULT CHARSET=utf8;
/*!40101 SET character_set_client = @saved_cs_client */;

--
-- Dumping data for table `travels`
--

LOCK TABLES `travels` WRITE;
/*!40000 ALTER TABLE `travels` DISABLE KEYS */;
INSERT INTO `travels` VALUES (1,520,14000),(2,520,14000),(3,520,14000),(4,520,14000),(5,520,14000),(6,520,14000),(7,520,14000),(8,520,14000),(9,520,14000),(10,520,14000),(11,520,14000),(12,520,14000),(13,520,14000),(14,520,14000),(15,520,14000),(16,520,14000),(17,520,14000),(18,520,14000),(19,520,14000),(20,520,14000),(21,520,14000),(22,520,14000),(23,521,10000),(24,522,15878),(25,523,4587),(26,524,100),(27,525,15565),(28,526,452),(29,527,4522),(30,528,1254),(31,529,1244),(32,540,154),(33,554,548),(34,555,7866),(35,556,4200),(36,557,10255),(37,558,78545),(38,559,14000),(39,560,1554),(40,561,10000),(41,562,1254),(42,563,7855),(43,564,1254),(44,565,785),(45,521,10000),(46,522,15878),(47,523,4587),(48,524,100),(49,525,15565),(50,526,452),(51,527,4522),(52,528,1254),(53,529,1244),(54,540,154),(55,554,548),(56,555,7866),(57,556,4200),(58,557,10255),(59,558,78545),(60,559,14000),(61,560,1554),(62,561,10000),(63,562,1254),(64,563,7855),(65,564,1254),(66,565,785);
/*!40000 ALTER TABLE `travels` ENABLE KEYS */;
UNLOCK TABLES;
/*!40103 SET TIME_ZONE=@OLD_TIME_ZONE */;

/*!40101 SET SQL_MODE=@OLD_SQL_MODE */;
/*!40014 SET FOREIGN_KEY_CHECKS=@OLD_FOREIGN_KEY_CHECKS */;
/*!40014 SET UNIQUE_CHECKS=@OLD_UNIQUE_CHECKS */;
/*!40101 SET CHARACTER_SET_CLIENT=@OLD_CHARACTER_SET_CLIENT */;
/*!40101 SET CHARACTER_SET_RESULTS=@OLD_CHARACTER_SET_RESULTS */;
/*!40101 SET COLLATION_CONNECTION=@OLD_COLLATION_CONNECTION */;
/*!40111 SET SQL_NOTES=@OLD_SQL_NOTES */;

-- Dump completed on 2012-03-21 23:40:41
